{
  "name": "animate.css",
  "main": "./animate.css",
  "ignore": [
    ".*",
    "*.yml",
    "Gemfile",
    "Gemfile.lock",
    "*.md"
  ],
  "homepage": "https://github.com/daneden/animate.css",
  "version": "3.7.0",
  "_release": "3.7.0",
  "_resolution": {
    "type": "version",
    "tag": "3.7.0",
    "commit": "940e4aef81edc26d3458480adcd475e51bd38df5"
  },
  "_source": "https://github.com/daneden/animate.css.git",
  "_target": "^3.7.0",
  "_originalSource": "animation.css",
  "_direct": true
}